Name,Price,Ratting
SAMSUNG 253 L Frost Free Double Door 2 Star Convertible Refrigerator,"â‚¹24,190",4.4
SAMSUNG 253 L Frost Free Double Door 1 Star Refrigerator,"â‚¹19,690",4.4
SAMSUNG 192 L Direct Cool Single Door 2 Star Refrigerator,"â‚¹11,990",4.3
SAMSUNG 198 L Direct Cool Single Door 5 Star Refrigerator with Base Drawer,"â‚¹17,790",4.5
Whirlpool 190 L Direct Cool Single Door 4 Star Refrigerator,"â‚¹15,490",4.3
SAMSUNG 198 L Direct Cool Single Door 4 Star Refrigerator with Base Drawer,"â‚¹16,290",4.5
LG 190 L Direct Cool Single Door 4 Star Refrigerator with Base Drawer,"â‚¹16,090",4.4
Whirlpool 265 L Frost Free Double Door 3 Star Convertible Refrigerator,"â‚¹25,490",4.3
SAMSUNG 253 L Frost Free Double Door 3 Star Refrigerator,"â‚¹23,490",4.4
LG 190 L Direct Cool Single Door 4 Star Refrigerator,"â‚¹15,390",4.4
Haier 190 L Direct Cool Single Door 2 Star Refrigerator,"â‚¹11,399",4.2
SAMSUNG 192 L Direct Cool Single Door 1 Star Refrigerator,"â‚¹11,390",4.3
SAMSUNG 230 L Direct Cool Single Door 3 Star Refrigerator with Base Drawer,"â‚¹17,590",4.4
SAMSUNG 198 L Direct Cool Single Door 4 Star Refrigerator  with Digi Touch Cool,"â‚¹15,390",4.3
SAMSUNG 192 L Direct Cool Single Door 2 Star Refrigerator,"â‚¹12,890",4.4
Haier 195 L Direct Cool Single Door 4 Star Refrigerator,"â‚¹14,490",4.4
Whirlpool 190 L Direct Cool Single Door 2 Star Refrigerator,"â‚¹12,490",4.3
SAMSUNG 192 L Direct Cool Single Door 2 Star Refrigerator with Base Drawer,"â‚¹13,690",4.4
SAMSUNG 192 L Direct Cool Single Door 3 Star Refrigerator with Base Drawer,"â‚¹14,690",4.4
SAMSUNG 192 L Direct Cool Single Door 3 Star Refrigerator with Base Drawer,"â‚¹14,690",4.4
Haier 195 L Direct Cool Single Door 4 Star Refrigerator,"â‚¹13,799",4.4
Whirlpool 190 L Direct Cool Single Door 4 Star Refrigerator,"â‚¹14,490",4.3
